source,target
@RenoldRinaldi,@Aswicahyono
@alim_amarullah,@PNS_Garis_Lucu
@snaim247,@SinarOnline
@pakmatsu,@BKTLHM
@pakmatsu,@kegblgnunfaedh
@xxauruss,@cyhnzy
@xxauruss,@ayinhet
@Nuswantara99,@Bambangmulyonoo
@Nuswantara99,@islah_bahrawi
@Nuswantara99,@stingErz23
@Nuswantara99,@Bunga_JyKesuma
@nyaricerita,@dhitahc
@nyaricerita,@NarasiNewsroom
@dhitahc,@nyaricerita
@dhitahc,@NarasiNewsroom
@And__S123__,@aeermineral
@And__S123__,@makeusoo
@And__S123__,@tanyakanrl
@And__S123__,@Wavymessy
@And__S123__,@makeusoo
@And__S123__,@tanyakanrl
@timothyronald22,@ynik5
@ZakariaMujib,@nyaricerita
@ZakariaMujib,@NarasiNewsroom
@rasredy,@hoteliercrypto
@nyaricerita,@NarasiNewsroom
@HilalAmirudin,@tomngrh
@alfan_rahadian_,@yo2thok
@DwiFiki2,@MiniMiSAW1
@DwiFiki2,@Nebuchanedzar_I
@Rheny_Prihaty29,@lopefutin
@MiniMiSAW1,@DwiFiki2
@MiniMiSAW1,@Nebuchanedzar_I
@DwiFiki2,@Nebuchanedzar_I
@bimo_ignatius,@kegblgnunfaedh
@jumalikaalajeng,@ronavioleta
@kazuuwu864,@wufyea
@kazuuwu864,@discountfess
@wufyea,@kazuuwu864
@wufyea,@discountfess
@wufyea,@kazuuwu864
@wufyea,@discountfess
@Rifkybilang,@saptaipb
@1rfani,@AwalilRizky
@IlhamKreativ,@coin_juragan
@IlhamKreativ,@toriiikkkk
@IlhamKreativ,@tanyarlfes
@MiniGoldID,@MiniGoldCilegon
@yudasukama,@desmondwira
@owob96,@CNNIndonesia
@W_illiam_Lim,@HDN_sol
@W_illiam_Lim,@anggaandinata
@blubybcadigital,@stdbeom
@AuroraL94,@brownchocholate
@AuroraL94,@tanyakanrl
@rahadyan999,@Saham_fess
@blubybcadigital,@sundakentel
@blubybcadigital,@discountfess
@aptawy,@BigAlphaID
@icedcaffemisto,@jayden_reeves11
@coin_juragan,@IlhamKreativ
@coin_juragan,@toriiikkkk
@coin_juragan,@tanyarlfes
@blubybcadigital,@sundakentel
@blubybcadigital,@discountfess
@aptawy,@BigAlphaID
@icedcaffemisto,@jayden_reeves11
@coin_juragan,@IlhamKreativ
@coin_juragan,@toriiikkkk
@coin_juragan,@tanyarlfes
@wombatequity,@saptaipb
@budigantengbngt,@rmol_id
@taengfab,@jadijago
@rifazmii,@saptaipb
@rifazmii,@BigAlphaID
@putri_Aalona,@RTabuti
@putri_Aalona,@mindaart
@putri_Aalona,@kegblgnunfaedh
@arindraaa,@BigAlphaID
@e_soebroto,@vanc1Bozz
@e_soebroto,@jokowi
@zainpn,@Upil_Jaran2
@anywy_,@coin_juragan
@anywy_,@tanyarlfes
@AnggunRush,@BigAlphaID
@reandreand,@zkaraamade
@reandreand,@saptaipb
@buluslg,@aldotjahjadi8
@corokroco,@tanyarlfes
@tastasStore,@saptaipb
@drive72625,@BigAlphaID
@sheebaiqq,@Upil_Jaran2
@dhdvirtualtour,@adhichronique
@dhdvirtualtour,@BigAlphaID
@adityaRU,@adam_virgian
@adityaRU,@BigAlphaID
@aqshalmuhammad_,@mraai4
@adhichronique,@dhdvirtualtour
@adhichronique,@BigAlphaID
@hizach,@adhichronique
@hizach,@Stockbit
@John62707619,@bd_baskoro
@rivaldo_hadi,@bank_indonesia
@IwanAlma,@vanc1Bozz
@IwanAlma,@jokowi
@nrapip_,@BigAlphaID
@vanillaredv_ind,@tyteaaaaa
@selawov,@artetawayindo
@selawov,@alfatetagamma
@selawov,@BigAlphaID
@andrew_bendico,@heyyyupiws
@andrew_bendico,@BigAlphaID
@akun_ke14,@BigAlphaID
@what5hitooya,@doktermarket
@jakal_holidays,@rmol_id
@budakbangtan,@mahisama
@drstresssupreme,@hellostar168
@Alifya66072099,@TesoYoea
@Alifya66072099,@BigAlphaID
@bank_indonesia,@ari_aditya
@BNI,@KW4lk0ut
@BNI,@direktoridosen
@G4zal1,@OposisiCerdas
@leeannindonesia,@bank_indonesia
@arpas2000,@Stev3n_Peg3l
@arpas2000,@AnthonyBudiawan
@bimo_ignatius,@irwndfrry
@adith_wp,@eDzulfikar
@hi_ferdi,@Alifya66072099
@hi_ferdi,@BigAlphaID
@abdillahfan,@Alifya66072099
@abdillahfan,@BigAlphaID
@Remotin_aja,@KontanNews
@___hrz,@bank_indonesia
@wahyuha28973071,@fidarnr
@arpas2000,@AnthonyBudiawan
@pilupobia,@PartaiSocmed
@arpas2000,@AnthonyBudiawan
@pilupobia,@PartaiSocmed
@AymanRashdanW,@Faffaahhh
